[{"name":"Html.Parser","comment":" Parse HTML 5 in Elm.\nSee <https://www.w3.org/TR/html5/syntax.html>\n\n@docs run, Node\n\n","unions":[{"name":"Node","comment":" An HTML node. It can either be:\n\n  - Text\n  - Element (with its **tag name**, **attributes** and **children**)\n  - Comment\n\n","args":[],"cases":[["Text",["String.String"]],["Element",["String.String","List.List Html.Parser.Attribute","List.List Html.Parser.Node"]],["Comment",["String.String"]]]}],"aliases":[],"values":[{"name":"run","comment":" Run the parser!\n","type":"String.String -> Result.Result (List.List Parser.DeadEnd) (List.List Html.Parser.Node)"}],"binops":[]}]