[{"name":"TriangularMesh","comment":" This module provides functions for working with indexed triangular meshes.\r\nYou can:\r\n\r\n  - Construct meshes from vertices and face indices\r\n  - Extract vertices, faces and edges in various ways\r\n  - Combine multiple meshes into a single mesh\r\n\r\n@docs TriangularMesh\r\n\r\n\r\n# Constants\r\n\r\n@docs empty\r\n\r\n\r\n# Constructors\r\n\r\n@docs indexed, triangles, fan, strip, combine\r\n\r\n\r\n# Properties\r\n\r\n@docs vertices, vertex, faceIndices, faceVertices, edgeIndices, edgeVertices\r\n\r\n\r\n# Transformations\r\n\r\n@docs mapVertices\r\n\r\n","unions":[{"name":"TriangularMesh","comment":" A `TriangularMesh` is a simple form of [face-vertex mesh](https://en.wikipedia.org/wiki/Polygon_mesh#Face-vertex_meshes)\r\ndefined by an array of vertices and a list of face indices. Each set of face\r\nindices consists of a tuple of three integer vertex indices.\r\n\r\nThe vertices themselves can be any type you want. For a 2D mesh, you might have\r\neach vertex be simply a point:\r\n\r\n    type alias Mesh2d =\r\n        TriangularMesh Point2d\r\n\r\nFor a 3D mesh, each vertex might be a (point, normal) tuple:\r\n\r\n    type alias Mesh3d =\r\n        TriangularMesh ( Point3d, Vector3d )\r\n\r\nIn more complex cases, each vertex might be a record:\r\n\r\n    type alias VertexData =\r\n        { position : Point3d\r\n        , normal : Vector3d\r\n        , color : Color\r\n        }\r\n\r\n    type alias RenderMesh =\r\n        TriangularMesh VertexData\r\n\r\n","args":["vertex"],"cases":[]}],"aliases":[],"values":[{"name":"combine","comment":" Combine a list of meshes into a single mesh. This concatenates the vertex\r\narrays of each mesh and adjusts face indices to refer to the combined vertex\r\narray.\r\n\r\n    square =\r\n        TriangularMesh.with\r\n            { vertices = Array.fromList [ a, b, c, d ]\r\n            , faceIndices = [ ( 0, 1, 2 ), ( 0, 2, 3 ) ]\r\n            }\r\n\r\n    triangle =\r\n        TriangularMesh.with\r\n            { vertices = Array.fromList [ e, f, g ]\r\n            , faceIndices = [ ( 0, 1, 2 ) ]\r\n            }\r\n\r\n    TriangularMesh.combine [ square, triangle ]\r\n    --> TriangularMesh.with\r\n    -->     { vertices =\r\n    -->         Array.fromList [ a, b, c, d, e, f, g ]\r\n    -->     , faceIndices =\r\n    -->         [ ( 0, 1, 2 )\r\n    -->         , ( 0, 2, 3 )\r\n    -->         , ( 4, 5, 6 )\r\n    -->         ]\r\n    -->     }\r\n\r\n    TriangularMesh.combine [ triangle, square ]\r\n    --> TriangularMesh.with\r\n    -->     { vertices =\r\n    -->         Array.fromList [ e, f, g, a, b, c, d ]\r\n    -->     , faceIndices =\r\n    -->         [ ( 0, 1, 2 )\r\n    -->         , ( 3, 4, 5 )\r\n    -->         , ( 3, 5, 6 )\r\n    -->         ]\r\n    -->     }\r\n\r\n","type":"List.List (TriangularMesh.TriangularMesh a) -> TriangularMesh.TriangularMesh a"},{"name":"edgeIndices","comment":" Get all of the edges of a mesh as pairs of vertex indices. Each edge will\r\nonly be returned once, with the lower-index vertex listed first, and will be\r\nreturned in sorted order.\r\n\r\n    TriangularMesh.edgeIndices square\r\n    --> [ ( 0, 1 )\r\n    --> , ( 0, 2 )\r\n    --> , ( 0, 3 )\r\n    --> , ( 1, 2 )\r\n    --> , ( 2, 3 )\r\n    --> ]\r\n\r\n","type":"TriangularMesh.TriangularMesh vertex -> List.List ( Basics.Int, Basics.Int )"},{"name":"edgeVertices","comment":" Get all of the edges of a mesh as pairs of vertices. Each edge will only be\r\nreturned once, with the lower-index vertex listed first, and will be returned in\r\nsorted order.\r\n\r\n    TriangularMesh.edgeVertices square\r\n    --> [ ( a, b )\r\n    --> , ( a, c )\r\n    --> , ( a, d )\r\n    --> , ( b, c )\r\n    --> , ( c, d )\r\n    --> ]\r\n\r\n","type":"TriangularMesh.TriangularMesh vertex -> List.List ( vertex, vertex )"},{"name":"empty","comment":" A mesh with no vertices or faces.\r\n","type":"TriangularMesh.TriangularMesh vertex"},{"name":"faceIndices","comment":" Get the faces of a mesh as triples of vertex indices.\r\n\r\n    TriangularMesh.faceIndices square\r\n    --> [ ( 0, 1, 2 ), ( 0, 2, 3 ) ]\r\n\r\n","type":"TriangularMesh.TriangularMesh vertex -> List.List ( Basics.Int, Basics.Int, Basics.Int )"},{"name":"faceVertices","comment":" Get the faces of a mesh as triples of vertices.\r\n\r\n    TriangularMesh.faceVertices square\r\n    --> [ ( a, b, c ), ( a, c, d ) ]\r\n\r\n","type":"TriangularMesh.TriangularMesh vertex -> List.List ( vertex, vertex, vertex )"},{"name":"fan","comment":" Create a fan-shaped mesh from the first given vertex to all vertices in the\r\ngiven list. If the given list is empty or has only one element, then an empty\r\nmesh is returned. Otherwise, the first face will be from the first given vertex\r\nto the first and second list vertices, the second face will be from the first\r\ngiven vertex to the second and third list vertices, etc.\r\n\r\n    mesh =\r\n        TriangleMesh.fan a [ b, c, d, e ]\r\n\r\n    TriangleMesh.vertices mesh\r\n    --> Array.fromList [ a, b, c, d, e ]\r\n\r\n    TriangleMesh.faceIndices mesh\r\n    --> [ ( 0, 1, 2 ), ( 0, 2, 3 ), ( 0, 3, 4 ) ]\r\n\r\n    TriangleMesh.faceVertices mesh\r\n    --> [ ( a, b, c ), ( a, c, d ), ( a, d, e ) ]\r\n\r\n","type":"vertex -> List.List vertex -> TriangularMesh.TriangularMesh vertex"},{"name":"indexed","comment":" Create a mesh from an array of vertices and list of face indices. For\r\nexample, to construct a square where `a` is the lower left corner, `b` is the\r\nlower right corner, `c` is the upper right corner and `d` is the upper left\r\ncorner:\r\n\r\n![Square mesh](https://ianmackenzie.github.io/elm-triangular-mesh/1.0.1/TriangularMesh/square.svg)\r\n\r\n    vertices =\r\n        Array.fromList [ a, b, c, d ]\r\n\r\n    faceIndices =\r\n        [ ( 0, 1, 2 ), ( 0, 2, 3 ) ]\r\n\r\n    square =\r\n        TriangularMesh.indexed vertices faceIndices\r\n\r\nInvalid face indices (triples where any one of the three indices is out of\r\nbounds) will be dropped.\r\n\r\n","type":"Array.Array vertex -> List.List ( Basics.Int, Basics.Int, Basics.Int ) -> TriangularMesh.TriangularMesh vertex"},{"name":"mapVertices","comment":" Transform a mesh by applying the given function to each of its vertices. For\r\nexample, if you had a 2D mesh where each vertex was an `( x, y )` tuple and you\r\nwanted to convert it to a 3D mesh on the XY plane, you might use\r\n\r\n    mesh2d : TriangularMesh ( Float, Float )\r\n    mesh2d =\r\n        ...\r\n\r\n    to3d : ( Float, Float ) -> ( Float, Float, Float )\r\n    to3d ( x, y ) =\r\n        ( x, y, 0 )\r\n\r\n    mesh3d : TriangularMesh ( Float, Float, Float )\r\n    mesh3d =\r\n        TriangularMesh.mapVertices to3d mesh2d\r\n\r\n","type":"(a -> b) -> TriangularMesh.TriangularMesh a -> TriangularMesh.TriangularMesh b"},{"name":"strip","comment":" Create a strip-shaped mesh between two lists of vertices. The two lists\r\nshould be the same length; if one list is longer, the extra vertices will be\r\ndropped. To get triangles with counterclockwise winding order, the second list\r\nshould be to the left of the first; for example, for two left-to-right vertex\r\nlists, the second should be above the first.\r\n\r\n    mesh =\r\n        TriangleMesh.strip [ a, b, c ] [ d, e, f ]\r\n\r\n    TriangleMesh.faceVertices mesh\r\n    --> [ ( a, b, e )\r\n    --> , ( a, e, d )\r\n    --> , ( b, c, f )\r\n    --> , ( b, f, e )\r\n    --> ]\r\n\r\n","type":"List.List vertex -> List.List vertex -> TriangularMesh.TriangularMesh vertex"},{"name":"triangles","comment":" Create a mesh from a list of triangular faces, where each face is given as a\r\ntuple of three vertices. Note that this will not perform any kind of vertex\r\ndeduplication, so if any vertices are shared between different triangles then\r\nthey will occur more than once in the resulting mesh's vertex array.\r\n\r\n    mesh =\r\n        TriangleMesh.triangles [ ( a, b, c ), ( a, c, d ) ]\r\n\r\n    TriangleMesh.vertices mesh\r\n    --> Array.fromList [ a, b, c, a, c, d ]\r\n\r\n    Array.faceIndices mesh\r\n    --> [ ( 0, 1, 2 ), ( 3, 4, 5 ) ]\r\n\r\n","type":"List.List ( vertex, vertex, vertex ) -> TriangularMesh.TriangularMesh vertex"},{"name":"vertex","comment":" Get a particular vertex of a mesh by index. If the index is out of range,\r\nreturns `Nothing`.\r\n\r\n    TriangularMesh.vertex 1 square\r\n    --> Just b\r\n\r\n    TriangularMesh.vertex 4 square\r\n    --> Nothing\r\n\r\n","type":"Basics.Int -> TriangularMesh.TriangularMesh vertex -> Maybe.Maybe vertex"},{"name":"vertices","comment":" Get the vertices of a mesh.\r\n\r\n    TriangularMesh.vertices square\r\n    --> Array.fromList [ a, b, c, d ]\r\n\r\n","type":"TriangularMesh.TriangularMesh vertex -> Array.Array vertex"}],"binops":[]}]