[{"name":"GroupList","comment":" This module adds better grouping and interleaving for List\n\n# Functions\n@docs group, interleave\n","unions":[],"aliases":[],"values":[{"name":"group","comment":" Group elements from a list in smaller groups of the given size\n\n    group 3 <| List.range 0 9 == [ [ 0, 1, 2 ], [ 3, 4, 5 ], [ 6, 7, 8 ], [ 9 ] ]\n\n    group 3 <| String.toList \"Hello, World!\" == [ [ 'H', 'e', 'l' ], [ 'l', 'o', ',' ], [ ' ', 'W', 'o' ], [ 'r', 'l', 'd' ], [ '!' ] ]\n\n","type":"Basics.Int -> List.List a -> List.List (List.List a)"},{"name":"interleave","comment":" Interleave elements in a list at a specified interval\n\n    interleave 3 -1 <| List.range 0 9 == [ [ 0, 1, 2 ], [ 3, 4, 5 ], [ 6, 7, 8 ], [ 9 ] ]\n\n    interleave 3 '.' \"Hello, World!\" == [ 'H', 'e', 'l', '.', 'l', 'o', ',', '.', ' ', 'W', 'o', '.', 'r', 'l', 'd', '.', '!' ]\n\n","type":"Basics.Int -> a -> List.List a -> List.List a"}],"binops":[]}]