[{"name":"String.Interpolate","comment":" String.Interpolate provides a convenient method `interpolate` for injecting\nvalues into a string. This can be useful for i18n of apps and construction of\ncomplex strings in views.\n\n@docs interpolate\n\n","unions":[],"aliases":[],"values":[{"name":"interpolate","comment":" Inject other strings into a string in the order they appear in a List\ninterpolate \"{0} {2} {1}\" [\"hello\", \"!!\", \"world\"]\n\"{0} {2} {1}\" `interpolate` [\"hello\", \"!!\", \"world\"]\n","type":"String.String -> List.List String.String -> String.String"}],"binops":[]}]