[{"name":"Mailcheck","comment":" A library that suggests a correct domain when a user miss spells an email address.\nThis is a port of this javascript library <https://github.com/mailcheck/mailcheck>\n\n\n## Basic Usage\n\n        Mailcheck.suggest 'test@gnail.com'\n          == Just (\"test\", \"gmail.com\", \"test@gmail.com\")\n\n        Mailcheck.suggest 'test@gsnail.com'\n          == Nothing\n\n\n# Create\n\n@docs suggest\n@docs suggestWith\n\n\n# Utility\n\n@docs encodeEmail\n@docs mailParts\n@docs MailParts\n@docs findClosestDomain\n\n\n# Default domain lists used by suggest\n\n@docs defaultDomains\n@docs defaultTopLevelDomains\n@docs defaultSecondLevelDomains\n\n(c) 2015 Robin Luiten\n\n","unions":[],"aliases":[{"name":"MailParts","comment":" Record type alias for mailparts.\n","args":[],"type":"{ topLevelDomain : String.String, secondLevelDomain : String.String, domain : String.String, address : String.String }"}],"values":[{"name":"defaultDomains","comment":" default list of domains used in suggest\n","type":"List.List String.String"},{"name":"defaultSecondLevelDomains","comment":" default list of second level domains used in suggest\n","type":"List.List String.String"},{"name":"defaultTopLevelDomains","comment":" default list of top level domains used in suggest\n","type":"List.List String.String"},{"name":"encodeEmail","comment":" Encode the email address to prevent XSS but leave in valid\ncharacters, following this official spec:\n<http://en.wikipedia.org/wiki/Email_address#Syntax>\n\nThis is exported to test it.\n\nencodeURI() will not encode: ~!@#$&\\*()=:/,;?+'\nElm's Http.uriEncode actually calls encodeURIComponent\n\nencodeURIComponent() escapes all characters except the\nfollowing: alphabetic, decimal digits, - \\_ . ! ~ \\* ' ( )\n\nExtra rules were added since Elm provides encodeURIComponent() functionality.\n\n        (encodeEmail \"<hello>@domain.com\") == \"%3Chello%3E@domain.com\"\n\n","type":"String.String -> Maybe.Maybe String.String"},{"name":"findClosestDomain","comment":" Find closest domain in given list of domains and threshold using default distance.\n\n        findClosestDomain \"test@gmail.co\" slds tlds\n\nis equivalent to\n\n        findClosestDomainWith sift3Distance topLevelThreshold \"test@gmail.co\" slds tlds\n\n","type":"String.String -> List.List String.String -> Maybe.Maybe String.String"},{"name":"mailParts","comment":" Split an email address up into components.\n\n        (mailParts \"user\") == Nothing\n        (mailParts \"user@\") == Nothing\n        (mailParts \"user@moo.com\") ==\n          Just\n          ( { topLevelDomain = \"user\"\n            , secondLevelDomain = \"moo.com\"\n            , domain = \"moo\"\n            , address = \"com\"\n            }\n          )\n        (mailParts \"user@moo.co.uk\") ==\n          Just\n          ( { topLevelDomain = \"user\"\n            , secondLevelDomain = \"moo.com.uk\"\n            , domain = \"moo\"\n            , address = \"co.uk\"\n            }\n          )\n\n","type":"String.String -> Maybe.Maybe Mailcheck.MailParts"},{"name":"suggest","comment":" Suggest a domain which may assist a user with a possible error\nin a candidate email address. This version uses the default internal lists\nof domains.\n\n        suggest 'test@gmail.co'\n\nis equivalent to\n\n        suggestWith defaultDomains defaultSecondLevelDomains defaultTopLevelDomains 'test@gmail.co'\n\nexample\n\n        (suggest \"user@gmil.com\")\n          == Just (\"user\", \"gmail.com\", \"user@gmail.com\")\n\nResult is Maybe (address, domain, secondLevelDomain, topLevelDomain)\n\n","type":"String.String -> Maybe.Maybe ( String.String, String.String, String.String )"},{"name":"suggestWith","comment":" Suggest with passed in domain lists.\n\n  - domains is list of known valid domains\n  - top level domains is allowed to be empty\n  - second level domains is allowed to be empty\n\n","type":"List.List String.String -> List.List String.String -> List.List String.String -> String.String -> Maybe.Maybe ( String.String, String.String, String.String )"}],"binops":[]}]