[{"name":"Task.Extra","comment":" Extra helper functions for working with Tasks.\n\n@docs message\n\n","unions":[],"aliases":[],"values":[{"name":"message","comment":" A command to pass a message to the Elm router and evaluate it in the next\nupdate cycle.\n","type":"msg -> Platform.Cmd.Cmd msg"}],"binops":[]},{"name":"Update2","comment":" Convenience function for lifting an update function for an inner model\nand messages into a parent one.\n\n@docs eval, lift\n\n","unions":[],"aliases":[],"values":[{"name":"eval","comment":" Allows the output of an update function that returns type:\n\n    ( model, Cmd msg )\n\nTo have its model evaluated in order to produce a new model, and to create more\ncommands. The commands returned will be appended to those passed in using\nCmd.batch.\n\nNote that this allows multiple invokations of the same update function to be\ninvoked recursively. Beware of causing infinite loops while doing this.\n\n","type":"(model -> ( model, Platform.Cmd.Cmd msg )) -> ( model, Platform.Cmd.Cmd msg ) -> ( model, Platform.Cmd.Cmd msg )"},{"name":"lift","comment":" Lifts an update function of type:\n\n    update : submsg -> submodel -> ( submodel, Cmd submsg )\n\nInto one that returns:\n\n    ( model, Cmd msg )\n\n","type":"(model -> submodel) -> (submodel -> model -> model) -> (submsg -> msg) -> (submsg -> submodel -> ( submodel, Platform.Cmd.Cmd submsg )) -> submsg -> model -> ( model, Platform.Cmd.Cmd msg )"}],"binops":[]},{"name":"Update3","comment":" Convenience function for lifting an update function for an inner model and\nmessages, that also returns an additional out parameters into a parent one.\n\n@docs lift\n@docs eval, evalMaybe, evalResult, evalCmds\n@docs mapModel, mapCmd, mapOutMsg\n@docs addOutMsg\n\n","unions":[],"aliases":[],"values":[{"name":"addOutMsg","comment":" Adds an out message to the usual (model, Cmd msg) structure.\n","type":"outMsg -> ( model, Platform.Cmd.Cmd msg ) -> ( model, Platform.Cmd.Cmd msg, outMsg )"},{"name":"eval","comment":" Allows the output of an update function that returns type:\n\n    ( model, Cmd msg, outmsg )\n\nTo have its model and out message evaluated in order to produce a new model,\nand to create more commands. The commands returned will be appended to those\npassed in using Cmd.batch.\n\n","type":"(outmsg -> model -> ( model, Platform.Cmd.Cmd msg )) -> ( model, Platform.Cmd.Cmd msg, outmsg ) -> ( model, Platform.Cmd.Cmd msg )"},{"name":"evalCmds","comment":" Allows the output of an update function that returns type:\n\n       (model, Cmd msg, Cmd outmsg)\n\nTo have its model and out message evaluated in order to produce a new model,\nand to create more commands. The commands returned will be appended to those\npassed in using Cmd.batch.\n\nNote that the eval function in this case is not provided with the model, since the\ncommands being processed are opaque, so it should not be possible to make a decision\non how to update the model based on them.\n\n","type":"(outmsg -> msg) -> ( model, Platform.Cmd.Cmd msg, Platform.Cmd.Cmd outmsg ) -> ( model, Platform.Cmd.Cmd msg )"},{"name":"evalMaybe","comment":" Allows the output of an update function that returns type:\n\n    ( model, Cmd msg, outmsg )\n\nTo have its model and out message evaluated in order to produce a new model,\nand to create more commands. The commands returned will be appended to those\npassed in using Cmd.batch.\n\n","type":"(outMsg -> model -> ( model, Platform.Cmd.Cmd msg )) -> Platform.Cmd.Cmd msg -> ( model, Platform.Cmd.Cmd msg, Maybe.Maybe outMsg ) -> ( model, Platform.Cmd.Cmd msg )"},{"name":"evalResult","comment":" Allows the output of an update function that returns type:\n\n       (model, Cmd msg, Maybe outmsg)\n\nTo have its model and out message evaluated in order to produce a new model,\nand to create more commands. The commands returned will be appended to those\npassed in using Cmd.batch.\n\n","type":"(outMsg -> model -> ( model, Platform.Cmd.Cmd msg )) -> (error -> Platform.Cmd.Cmd msg) -> ( model, Platform.Cmd.Cmd msg, Result.Result error outMsg ) -> ( model, Platform.Cmd.Cmd msg )"},{"name":"lift","comment":" Lifts an update function of type:\n\n    update : submsg -> submodel -> ( submodel, Cmd submsg, outmsg )\n\nInto one that returns:\n\n    ( model, Cmd msg, outmsg )\n\n","type":"(model -> submodel) -> (submodel -> model -> model) -> (submsg -> msg) -> (submsg -> submodel -> ( submodel, Platform.Cmd.Cmd submsg, outmsg )) -> submsg -> model -> ( model, Platform.Cmd.Cmd msg, outmsg )"},{"name":"mapCmd","comment":" Maps over the Cmds\n","type":"(msga -> msgb) -> ( a, Platform.Cmd.Cmd msga, c ) -> ( a, Platform.Cmd.Cmd msgb, c )"},{"name":"mapModel","comment":" Maps over the model.\n","type":"(model -> a) -> ( model, b, c ) -> ( a, b, c )"},{"name":"mapOutMsg","comment":" Maps over the out message\n","type":"(outMsg -> c) -> ( a, b, outMsg ) -> ( a, b, c )"}],"binops":[]}]