[{"name":"MD5","comment":" This library allows you to compute MD5 message digests in Elm. It exposes a\nsingle function that takes any string and outputs a \"fingerprint\" containing 32\nhexadecimal characters. More information about the MD5 algorithm can be found\n[here](https://en.wikipedia.org/wiki/MD5).\n\n\n# Digest Functions\n\n@docs hex, hexInOctets\n\n","unions":[],"aliases":[],"values":[{"name":"hex","comment":" Given a string of arbitrary length, returns a string of 32 hexadecimal characters (a-f, 0-9)\nrepresenting the 128-bit MD5 message digest.\n\n    hex \"\" == \"d41d8cd98f00b204e9800998ecf8427e\"\n\n    hex \"foobarbaz\" == \"6df23dc03f9b54cc38a0fc1483df6e21\"\n\nUnlike the [Javascript program](https://css-tricks.com/snippets/javascript/javascript-md5/) upon which this\nimplementation is based, CRLF pairs in the input are not automatically replaced with LFs prior to computing\nthe digest. If you want that behaviour you should adjust the input yourself before evaluating the function.\nFor example:\n\n    myHex : String -> String\n    myHex input =\n        let\n            myInput =\n                Regex.replace Regex.All (Regex.regex \"\\u{000D}\\n\") (\\_ -> \"\\n\") input\n        in\n        hex myInput\n\n","type":"String.String -> String.String"},{"name":"hexInOctets","comment":" Given a string of arbitrary length, returns a list of 16 integers,\nrepresenting the octets comprising the 128-bit MD5 message digest.\n\n    hexInOctets \"\" == [ 0xD4, 0x1D, 0x8C, 0xD9, 0x8F, 0x00, 0xB2, 0x04, 0xE9, 0x80, 0x09, 0x98, 0xEC, 0xF8, 0x42, 0x7E ]\n\n    hexInOctets \"foobarbaz\" == [ 0x6D, 0xF2, 0x3D, 0xC0, 0x3F, 0x9B, 0x54, 0xCC, 0x38, 0xA0, 0xFC, 0x14, 0x83, 0xDF, 0x6E, 0x21 ]\n\n","type":"String.String -> List.List Basics.Int"}],"binops":[]}]