[{"name":"SvgBob","comment":" Convert ASCII to SVG\n\nIt is a fork of Ivan Ceras example that is hosted at:\n\n<https://github.com/ivanceras/elm-examples>\n\n@docs init, getSvg\n\n@docs Model\n\n","unions":[],"aliases":[{"name":"Model","comment":" The model contains the whole ASCII String as well as some basic\nconfiguration settings.\n","args":[],"type":"SvgBob.Model.Model"}],"values":[{"name":"getSvg","comment":" Get the resulting svg and pass it into a div or whatever\n","type":"List.List (Svg.Attribute msg) -> SvgBob.Model -> Html.Html msg"},{"name":"init","comment":" Pass a String and generate a Model with default settings\n","type":"String.String -> SvgBob.Model"}],"binops":[]}]