[{"name":"Html.Grid","comment":"\n\n    import Html.Grid as Grid\n    import Html.Styled\n\n    view : Html.Styled.Html msg\n    view =\n        Grid.container\n            []\n            [ Grid.row\n                []\n                [ Grid.column\n                    []\n                    [ Html.text \"Hello from upper left column\" ]\n                , Grid.column\n                    []\n                    [ Html.text \"Hello from upper right column\" ]\n                ]\n            , Grid.row\n                []\n                [ Grid.column\n                    []\n                    [ Html.text \"Hello from lower left column\" ]\n                , Grid.column\n                    []\n                    [ Html.text \"Hello from lower right column\" ]\n                ]\n            ]\n\n@docs container, row, column\n\n","unions":[],"aliases":[],"values":[{"name":"column","comment":" A column in a grid\n\n    -- columns are styled with the css:\n    --     flex-basis: 100%;\n    --     flex: 1;\n    --     display: flex;\n\n\n\n","type":"List.List Css.Style -> List.List (Html.Styled.Html msg) -> Html.Styled.Html msg"},{"name":"container","comment":" Just a container for grids. Its not necessary, but it will get you off to a good start.\n\n    -- containers are styled with the css:\n    --     margin: 0 auto;\n\n\n\n","type":"List.List Css.Style -> List.List (Html.Styled.Html msg) -> Html.Styled.Html msg"},{"name":"row","comment":" A row in a grid\n\n    -- rows are styled with the css:\n    --     display: flex;\n    --     flex-direction: row;\n\n\n\n","type":"List.List Css.Style -> List.List (Html.Styled.Html msg) -> Html.Styled.Html msg"}],"binops":[]}]