[{"name":"UsStates","comment":" Here are the abbreviations for every US State, as a union type, and two functions to convert to state names as strings.\n\n@docs Abbreviation\n@docs all\n@docs toString\n@docs fromString\n\n","unions":[{"name":"Abbreviation","comment":" Every US State abbreviation.\n","args":[],"cases":[["AL",[]],["AK",[]],["AZ",[]],["AR",[]],["CA",[]],["CO",[]],["CT",[]],["DE",[]],["DC",[]],["FL",[]],["GA",[]],["HI",[]],["ID",[]],["IL",[]],["IN",[]],["IA",[]],["KS",[]],["KY",[]],["LA",[]],["ME",[]],["MT",[]],["NE",[]],["NV",[]],["NH",[]],["NJ",[]],["NM",[]],["NY",[]],["NC",[]],["ND",[]],["OH",[]],["OK",[]],["OR",[]],["MD",[]],["MA",[]],["MI",[]],["MN",[]],["MS",[]],["MO",[]],["PA",[]],["RI",[]],["SC",[]],["SD",[]],["TN",[]],["TX",[]],["UT",[]],["VT",[]],["VA",[]],["WA",[]],["WV",[]],["WI",[]],["WY",[]]]}],"aliases":[],"values":[{"name":"all","comment":" All the abbreviations as a list\n","type":"List.List UsStates.Abbreviation"},{"name":"fromString","comment":" Get the states abbreviation from its name\n\n    UsState.fromString \"Arizona\" == Just AZ -- True\n\n    UsState.fromString \"Arizona   \" == Just AZ -- True\n\n    UsState.fromString \"arizona\" == Just AZ -- True\n\n    UsState.fromString \"puerto rico\" == Nothing -- True\n\n","type":"String.String -> Maybe.Maybe UsStates.Abbreviation"},{"name":"toString","comment":" Get the states name from the abbreviation\n\n    UsState.toString AZ == \"arizona\" -- True\n\n","type":"UsStates.Abbreviation -> String.String"}],"binops":[]}]