[{"name":"Engine","comment":" The story engine handles storing and advancing the state of the \"world model\" by running through your story rules on each interaction and updating the world model appropriately. It is designed to be embedded in your own Elm app, allowing for maximum flexibility and customization.\n\nYou can base your app on the [interactive story starter repo](https://github.com/jschomay/elm-interactive-story-starter.git).\n\n@docs Model\n\n\n## Embedding the engine\n\n@docs init, changeWorld, chooseFrom\n\n\n## Accessors\n\nThe engine exposes many accessor functions for each part of the story world. Note that each of these only return ids. It is up to the client to map an id to the appropriate associated display content. It is useful to follow an \"Entity Component System\" pattern in the client for this purpose (see the story starter).\n\n@docs getCurrentScene, getCurrentLocation, getItemsInCurrentLocation, getCharactersInCurrentLocation, getItemsInInventory, getLocations, getEnding\n\n\n## Story rules\n\nRules are how you progress the story. They are made up of conditions to match against and commands to perform if the rule matches. On each call of `update`, the engine will run through all of the rules to find the best match. If no rules match, the framework will perform a default command, which is usually just to narrate the description of what was interacted with, or to move you to that location or take that item. If multiple rules match the current state of the world, the \"best\" choice will be selected based on the following weighting criteria:\n\n1.  a `currentSceneIs` condition has the highest weight\n2.  `with` has more weight than the broader `withAny*` matchers\n3.  each additional condition adds more weight\n\nIn the case of a tie, the first candidate will be chosen, which is something you want to avoid, so design your rules carefully\n\n\n# Anatomy of a rule\n\n1.  A matcher against what interactable story element id the user clicked on\n\n2.  A list of conditions that all must match for the rule to match\n\n3.  A list of changes to make if the rule matches\n\n         rules =\n            [ { interaction = with \"River\"\n              , conditions =\n                   [ currentLocationIs \"Cottage\"\n                   , itemIsInInventory \"Cape\"\n                   , itemIsInInventory \"Basket of food\"\n                   ]\n              , changes =\n                   [ moveTo \"River\"\n                   , moveCharacterToLocation \"Little Red Riding Hood\" \"River\"\n                   ]\n              }\n           -- etc\n           ]\n\n@docs Rule, Rules, update\n\n\n### Interaction matchers\n\nThe following interaction matchers can be used in the `interaction` part of the rule record.\n\n@docs InteractionMatcher, with, withAnything, withAnyItem, withAnyLocation, withAnyCharacter\n\n\n### Conditions\n\nThe following condition matchers can be used in the `conditions` part of the rule record.\n\n@docs Condition, itemIsInInventory, characterIsInLocation, itemIsInLocation, currentLocationIs, itemIsNotInInventory, hasPreviouslyInteractedWith, hasNotPreviouslyInteractedWith, currentSceneIs, characterIsNotInLocation, itemIsNotInLocation, currentLocationIsNot\n\n\n### Changing the story world\n\nYou cannot change the story directly, but you can supply \"commands\" describing how the story state should change.\n\n@docs ChangeWorldCommand, moveTo, addLocation, removeLocation, moveItemToInventory, moveCharacterToLocation, moveCharacterOffScreen, moveItemToLocation, moveItemToLocationFixed, moveItemOffScreen, loadScene, endStory\n\n","unions":[{"name":"Model","comment":" The opaque type that holds all of the \"world model\" state, such as where each item and character is, what the current location and scene are, etc.\n","args":[],"cases":[]}],"aliases":[{"name":"ChangeWorldCommand","comment":" ","args":[],"type":"Types.ChangeWorldCommand"},{"name":"Condition","comment":" ","args":[],"type":"Types.Condition"},{"name":"InteractionMatcher","comment":" ","args":[],"type":"Types.InteractionMatcher"},{"name":"Rule","comment":" A declarative rule, describing how to advance your story and under what conditions.\n","args":[],"type":"Types.Rule"},{"name":"Rules","comment":" All the rules in your story.\n","args":[],"type":"Types.Rules"}],"values":[{"name":"addLocation","comment":" Adds a location to your list of known locations. Any location on this list is available for the player to click on at any time. This avoids clunky spatial navigation mechanics, but does mean that you will need to make rules to prevent against going to locations that are inaccessible (with appropriate narration).\n","type":"String.String -> Engine.ChangeWorldCommand"},{"name":"changeWorld","comment":" A way to change the story world directly, rather than responding to a player's interaction.\n\nFor example, you could change the current location in the story based on browser geolocation events, or respond to a network event, etc. This is also used to set up any initial story state.\n\nIf you are simply responding to a player's interaction, use `update` instead.\n\n","type":"List.List Engine.ChangeWorldCommand -> Engine.Model -> Engine.Model"},{"name":"characterIsInLocation","comment":" Will only match if the supplied character is in the supplied location.\n\nThe first String is a character id, the second is a location id.\n\n","type":"String.String -> String.String -> Engine.Condition"},{"name":"characterIsNotInLocation","comment":" Will only match if the supplied character is _not_ in the supplied location.\n\nThe first String is a character id, the second is a location id.\n\n","type":"String.String -> String.String -> Engine.Condition"},{"name":"chooseFrom","comment":" Given a list of choices, this will return only the choice that matches the associated conditions, if any. Useful for conditional descriptions, for example, where an item has a different description depending on where it is.\n\nThis uses the same weighting scale as the rules (below), and likewise will return the first match if there is a tie, so specify your conditions carefully.\n\n","type":"Engine.Model -> List.List { a | conditions : List.List Engine.Condition } -> Maybe.Maybe { a | conditions : List.List Engine.Condition }"},{"name":"currentLocationIs","comment":" Will only match when the supplied location is the current location.\n","type":"String.String -> Engine.Condition"},{"name":"currentLocationIsNot","comment":" Will only match when the supplied location is _not_ the current location.\n","type":"String.String -> Engine.Condition"},{"name":"currentSceneIs","comment":" Will only match when the supplied location is _not_ the current location.\n","type":"String.String -> Engine.Condition"},{"name":"endStory","comment":" Sets a flag that the story has ended. The string you provide can be used to signify the \"type\" of story ending (\"good\", \"bad\", \"heroic\", etc), or how many moves it took to complete, or anything else you like. This has no effect on the framework, but you can use it in your client code how ever you like (change the view, calculate a score, etc).\n","type":"String.String -> Engine.ChangeWorldCommand"},{"name":"getCharactersInCurrentLocation","comment":" Get a list of the characters in the current location to display\n","type":"Engine.Model -> List.List String.String"},{"name":"getCurrentLocation","comment":" Get the current location to display\n","type":"Engine.Model -> String.String"},{"name":"getCurrentScene","comment":" This gets the current scene to display\n","type":"Engine.Model -> String.String"},{"name":"getEnding","comment":" Get the story ending, if it has ended. (Set with `EndStory`)\n","type":"Engine.Model -> Maybe.Maybe String.String"},{"name":"getItemsInCurrentLocation","comment":" Get a list of the items in the current location to display\n","type":"Engine.Model -> List.List String.String"},{"name":"getItemsInInventory","comment":" Get a list of the items in your inventory to display\n","type":"Engine.Model -> List.List String.String"},{"name":"getLocations","comment":" Get a list of the known locations to display\n","type":"Engine.Model -> List.List String.String"},{"name":"hasNotPreviouslyInteractedWith","comment":" Will only match if the supplied interactable has not already been interacted with.\n","type":"String.String -> Engine.Condition"},{"name":"hasPreviouslyInteractedWith","comment":" Will only match if the supplied interactable has already been interacted with.\n","type":"String.String -> Engine.Condition"},{"name":"init","comment":" Initialize the `Model` for use when embedding in your own app. Provide your \"manifest\" (a list of ids) of all of the items, characters, and locations in your story, and the rules that govern the story.\n\nYou will most likely want to call `changeWorld` immediately after `init` to setup your initial story state (the current scene, location, and any initial placements of items or characters and known locations).\n\n","type":"{ items : List.List String.String, locations : List.List String.String, characters : List.List String.String } -> Engine.Rules -> Engine.Model"},{"name":"itemIsInInventory","comment":" Will only match if the supplied item is in the inventory.\n","type":"String.String -> Engine.Condition"},{"name":"itemIsInLocation","comment":" Will only match if the supplied item is in the supplied location.\n\nThe first String is a item id, the second is a location id.\n\n","type":"String.String -> String.String -> Engine.Condition"},{"name":"itemIsNotInInventory","comment":" Will only match if the supplied item is _not_ in the inventory.\n","type":"String.String -> Engine.Condition"},{"name":"itemIsNotInLocation","comment":" Will only match if the supplied item is _not_ in the supplied location.\n\nThe first String is a item id, the second is a location id.\n\n","type":"String.String -> String.String -> Engine.Condition"},{"name":"loadScene","comment":" Scenes are a way to further constrain rules. You could have a scene for each leg of your story to make sure only the rules for that scene will apply. Or you may start a scene at a turning point in your story to \"activate\" special rules that apply to that scene. This is how you start or switch to a new scene. Note that you can only have one scene active at at time.\n","type":"String.String -> Engine.ChangeWorldCommand"},{"name":"moveCharacterOffScreen","comment":" Moves a character \"off-screen\". The character will not show up in any locations until you use `moveCharacterToLocation` again.\n","type":"String.String -> Engine.ChangeWorldCommand"},{"name":"moveCharacterToLocation","comment":" Adds a character to a location, or moves a character to a different location (characters can only be in one location at a time, or off-screen). (Use moveTo to move yourself between locations.)\n\nThe first String is a character id, the second is a location id.\n\n","type":"String.String -> String.String -> Engine.ChangeWorldCommand"},{"name":"moveItemOffScreen","comment":" Moves an item \"off-screen\" (either from a location or the inventory). The item will not show up in any locations or inventory until you use `placeItem` or `addInventory` again.\n","type":"String.String -> Engine.ChangeWorldCommand"},{"name":"moveItemToInventory","comment":" Adds an item to your inventory (if it was previously in a location, it will be removed from there, as items can only be in one place at once). If the item is \"fixed\" this will not move it (if you want to \"unfix\" an item, use `moveItemOffScreen` or `MoveItemToLocation` first).\n","type":"String.String -> Engine.ChangeWorldCommand"},{"name":"moveItemToLocation","comment":" Move an item to a location. If it was in another location or your inventory before, it will remove it from there, as items can only be in one place at once.\n\nThe first String is an item id, the second is a location id.\n\n","type":"String.String -> String.String -> Engine.ChangeWorldCommand"},{"name":"moveItemToLocationFixed","comment":" Move an item to a location and set it as \"fixed.\" Fixed items are like scenery, they can be interacted with, but they cannot be added to inventory.\n\nIf it was in another location or your inventory before, it will remove it from there, as items can only be in one place at once.\n\nThe first String is an item id, the second is a location id.\n\n","type":"String.String -> String.String -> Engine.ChangeWorldCommand"},{"name":"moveTo","comment":" Changes the current location.\n","type":"String.String -> Engine.ChangeWorldCommand"},{"name":"removeLocation","comment":" Removes a location from your list of known locations. You probably don't need this since once you know about a location you would always know about it, and trying to go to a location that is inaccessible for some reason could just give some narration telling why. But maybe you will find a good reason to use it.\n","type":"String.String -> Engine.ChangeWorldCommand"},{"name":"update","comment":" This is how you progress the story. Call it with the id of what ever was just \"interacted\" with. This will apply the best matching rule for the current context, or if it does not find a matching rule, it will perform some sensible default changes such as adding an item to inventory or moving to a location if no rules match. It also adds the interaction to the history (which is used for `hasPreviouslyInteractedWith`, save/load, and undo).\n\nThis will also return the id of the matching rule (if there was one). Normally the client would look up some associated narrative by this id to display, though it could respond in any other way as well.\n\n","type":"String.String -> Engine.Model -> ( Engine.Model, Maybe.Maybe String.String )"},{"name":"with","comment":" Will only match the `interaction` part of a story rule if the player interacted with the specified entity id.\n","type":"String.String -> Engine.InteractionMatcher"},{"name":"withAnyCharacter","comment":" Will match the `interaction` part of a story rule if the player interacted with any character (be careful about the conditions of your rules since this matcher is so broad).\n","type":"Engine.InteractionMatcher"},{"name":"withAnyItem","comment":" Will match the `interaction` part of a story rule if the player interacted with any item (be careful about the conditions of your rules since this matcher is so broad).\n","type":"Engine.InteractionMatcher"},{"name":"withAnyLocation","comment":" Will match the `interaction` part of a story rule if the player interacted with any location (be careful about the conditions of your rules since this matcher is so broad).\n","type":"Engine.InteractionMatcher"},{"name":"withAnything","comment":" Will match the `interaction` part of a story rule every time (be careful about the conditions of your rules since this matcher is so broad).\n","type":"Engine.InteractionMatcher"}],"binops":[]}]