[{"name":"Color","comment":"\n\n@docs Color\n\n\n## HSL values\n\nHSL is short for hue, saturation, and lightness (or luminosity, or random other\nL words depending on who you ask. Think \"brightness\", and you'll be on the right track).\n\nYou may be intuitively familiar with HSL color modeling if you've worked with a\ncolor wheel before. It also may be a great place to start working with color if\nyou enjoyed playing with unit circles and polar coordinates in trigonometry.\n\n![Representation of HSL values on a cylinder](https://upload.wikimedia.org/wikipedia/commons/thumb/6/6b/HSL_color_solid_cylinder_saturation_gray.png/320px-HSL_color_solid_cylinder_saturation_gray.png)\n(Image can be seen in context on the [HSL and HSV arcticle on Wikipedia](https://en.wikipedia.org/wiki/HSL_and_HSV). By HSL\\_color\\_solid\\_cylinder.png: SharkDderivative work: SharkD  Talk - HSL\\_color\\_solid\\_cylinder.png, CC BY-SA 3.0, <https://commons.wikimedia.org/w/index.php?curid=9801661>)\n\nHSL models **hue** as a value on a circle. We can pick a hue by providing a degree.\nWe start at red -- meaning that we can get to red by saying that our hue is 0 degrees or\nby saying that our hue is at 360 degrees. Green is at 90, teal is at 180, and\nthere's a lovely purple at 270.\n\n**Saturation** is how much of the hue is present. When you see a hue of 0 degrees,\na saturation of 100%, and lightness of 50%, your reaction is going to be \"Schnickeys! that's red!\"\nIf you change the saturation to 0%, you'll see gray.\n\n**Lightness** is brightness -- 100% is white and 0% is black.\n\n@docs fromHSL, toHSL, toHSLString\n\n\n### RGB values\n\nRGB is short for red-green-blue. This representation of color specifies how much\nred, green, and blue are in the color.\n\nI found [this chart](https://en.wikipedia.org/wiki/HSL_and_HSV#/media/File:HSV-RGB-comparison.svg) really\nhelpful when thinking about how RGB colors work -- it shows red, green, and blue values as piecewise functions\nagainst Hue values. The chart is actually aimed at describing the HSV color space, which is a little\ndifferent than the HSL color space, but it may be helpful for your brain too.\n\nAs you work with RGB colors, it may also be helpful to know that this color space is **additive**.\n\nThis means that if you add red, green, and blue together, you'll end up with white. The more\ncolors you add, the brighter the result.\n\nThis is different than what you may remember from painting in elementary school.\nPaint, where you're mixing pigments together, is a **subtractive**\ncolor space. Printing (CMYK color space) is also subtractive.\n\n@docs fromRGB, toRGB, toRGBString\n\n\n## Hex values\n\nHexadecimal colors actually use the same color space as RGB colors. The difference\nbetween the two systems is in the base: RGB colors are base 10 and hex colors are base 16.\n\nYou will need to use hex colors if you're working with an\n[HTML input of type color](https://developer.mozilla.org/en-US/docs/Web/HTML/Element/input/color).\n\n@docs fromHexString, toHexString\n\n\n## Equality\n\n@docs equals\n\n\n## Color properties\n\n@docs luminance\n\n","unions":[{"name":"Color","comment":" ","args":[],"cases":[]}],"aliases":[],"values":[{"name":"equals","comment":" Check two colors for equality.\n","type":"Color.Color -> Color.Color -> Basics.Bool"},{"name":"fromHSL","comment":" Build a new color based on HSL values.\n\n    import Color exposing (Color)\n\n    red : Color\n    red =\n        Color.fromHSL ( 0, 100, 50 )\n\nThe hue is specified in degrees, and uses modular arithmetic such that whether you\npass in `0`, `360`, or `-360`, you'll still end up with a red hue.\n\nSaturation is a percentage value. It's clamped between 0 and 100 (inclusive).\nLightness is a percentage value. It's clamped between 0 and 100 (inclusive).\n\n","type":"( Basics.Float, Basics.Float, Basics.Float ) -> Color.Color"},{"name":"fromHexString","comment":" Build a new color from a hex string. Supports lowercase or uppercase strings.\n\n    (Color.fromHexString \"#FFDD00\" == Color.fromHexString \"#FD0\")\n        && (Color.fromHexString \"#FFDD00\" == Color.fromHexString \"#ffdd00\")\n\n","type":"String.String -> Result.Result String.String Color.Color"},{"name":"fromRGB","comment":" Build a new color based on RGB values.\n\n    import Color exposing (Color)\n\n    red : Color\n    red =\n        Color.fromRGB ( 255, 0, 0 )\n\n    green : Color\n    green =\n        Color.fromRGB ( 0, 255, 0 )\n\n    blue : Color\n    blue =\n        Color.fromRGB ( 0, 0, 255 )\n\nThis function clamps each rgb value between 0 and 255 (inclusive).\n\n","type":"( Basics.Float, Basics.Float, Basics.Float ) -> Color.Color"},{"name":"luminance","comment":" Luminance calculation adopted from <https://www.w3.org/TR/WCAG20-TECHS/G17.html>\n\nLuminance describes the perceived brightness of a color. You're unlikely to need\nto use this function directly. Maybe something in `Color.Contrast` or `Color.Generator`\nmeets your needs instead?\n\n","type":"Color.Color -> Basics.Float"},{"name":"toHSL","comment":" Extract the hue, saturation, and lightness values from an existing Color.\n","type":"Color.Color -> ( Basics.Float, Basics.Float, Basics.Float )"},{"name":"toHSLString","comment":" Get the HSL representation of a color as a `String`.\n\n    import Color exposing (toHSLString)\n    import Html exposing (p, text)\n    import Html.Attributes exposing (style)\n    import Palette.X11 exposing (red)\n\n    view =\n        p [ style \"color\" (toHSLString red) ]\n            [ text \"Wow! This sure looks red!\" ]\n\n","type":"Color.Color -> String.String"},{"name":"toHexString","comment":" Get the Hex representation of a color as a `String`.\n\n    import Color exposing (toHexString)\n    import Html exposing (p, text)\n    import Html.Attributes exposing (type_, value)\n    import Palette.X11 exposing (red)\n\n    view =\n        Html.input\n            [ type_ \"color\"\n            , value (toHexString red)\n            ]\n            []\n\nNote: this function will always return a string in the form \"#RRGGBB\". It will\nnot return shortened values (e.g., \"#RGB\").\n\nIf you want or need this functionality, please make an issue for it on the\ngithub repo for this library.\n\n","type":"Color.Color -> String.String"},{"name":"toRGB","comment":" Extract the red, green, blue values from an existing Color.\n","type":"Color.Color -> ( Basics.Float, Basics.Float, Basics.Float )"},{"name":"toRGBString","comment":" Get the RGB representation of a color as a `String`.\n\n    import Color exposing (toRGBString)\n    import Html exposing (p, text)\n    import Html.Attributes exposing (style)\n    import Palette.X11 exposing (red)\n\n    view =\n        p [ style \"color\" (toRGBString red) ]\n            [ text \"Wow! This sure looks red!\" ]\n\n","type":"Color.Color -> String.String"}],"binops":[]},{"name":"Color.Blend","comment":" Operations that combine colors.\n\n@docs add, subtract, multiply, divide\n\n","unions":[],"aliases":[],"values":[{"name":"add","comment":" Blends two colors together by adding the values in each channel.\n\nThat is, `rgb(10, 20, 30) + rgb(10, 10, 10) = rgb(20, 30, 40)`.\n\nPlay with an example in Ellie here: <https://ellie-app.com/3yLdpDs9NBya1>.\n\n","type":"Color.Color -> Color.Color -> Color.Color"},{"name":"divide","comment":" Blend two colors together.\n\nUse this function to strip out tones & change them to white.\n\nPlay with an example in Ellie here: <https://ellie-app.com/3yLhRLkJPwTa1>\n\n","type":"Color.Color -> Color.Color -> Color.Color"},{"name":"multiply","comment":" Blend two colors together.\n\nAny color multiplied by black will result in black.\nAny color multiplied by white will result in the color.\n`rgb(255, 0, 0)` will keep reds and remove any greens and blues.\n\nPlay with an example in Ellie here: <https://ellie-app.com/3yLgG6JQCgHa1>.\n\n","type":"Color.Color -> Color.Color -> Color.Color"},{"name":"subtract","comment":" Blends two colors together by subtracting the second color's channel values from\nthe first color's channel values.\n\nThat is, `rgb(10, 20, 30) - rgb(10, 10, 10) = rgb(0, 10, 20)`.\n\nPlay with an example in Ellie here: <https://ellie-app.com/3yLftQKkL6Ga1>.\n\n","type":"Color.Color -> Color.Color -> Color.Color"}],"binops":[]},{"name":"Color.Contrast","comment":" Use this module to determine whether colors may be used together.\n\n@docs WCAGLevel, sufficientContrast, contrast\n\n","unions":[{"name":"WCAGLevel","comment":" Read more about levels of conformance at [WCAG](https://www.w3.org/TR/UNDERSTANDING-WCAG20/conformance.html#uc-levels-head).\n","args":[],"cases":[["AA",[]],["AAA",[]]]}],"aliases":[],"values":[{"name":"contrast","comment":" Calculate the contrast between two colors.\n\nSee an example here: <https://ellie-app.com/3CgJZNMyxw3a1>.\n\n","type":"Color.Color -> Color.Color -> Basics.Float"},{"name":"sufficientContrast","comment":" For a given WCAG level, calculate whether two colors have enough contrast\nwith each other to be used together (e.g., as a background and text color combination).\n\nTo meet AA level sufficiently, [follow these standards](https://www.w3.org/WAI/WCAG21/quickref/?versions=2.0&showtechniques=143%2C146#contrast-minimum).\nTo meet AAA level sufficiently, [follow these standards](https://www.w3.org/WAI/WCAG21/quickref/?versions=2.0&showtechniques=143%2C146#contrast-enhanced).\n\nTODO (consider this a headsup on likely API changes!):\n\n  - Use named fontweights rather than numbers\n  - Wrap fontsize with some constructors\n  - Cassowary constraint solving..?\n\nSee an example here: <https://ellie-app.com/3CgJZNMyxw3a1>.\n\n","type":"Color.Contrast.WCAGLevel -> { fontSize : Basics.Float, fontWeight : Basics.Int } -> Color.Color -> Color.Color -> Basics.Bool"}],"binops":[]},{"name":"Color.Generator","comment":"\n\n\n## Palette\n\nGenerate a palette based on a starting color.\n\n\n### By Hue\n\n@docs complementary, triadic, splitComplementary, square, tetratic\n\n\n### By Lightness\n\n@docs monochromatic\n\n\n### By contrast\n\n@docs highContrast\n\n\n## Modify a Color\n\n@docs shade, tint, tone\n@docs grayscale, invert\n@docs rotate, adjustSaturation, adjustLightness\n\n","unions":[],"aliases":[],"values":[{"name":"adjustLightness","comment":" Modify the lightness of a color (see notes on HSL color space).\n","type":"Basics.Float -> Color.Color -> Color.Color"},{"name":"adjustSaturation","comment":" Modify the saturation of a color (see notes on HSL color space).\n","type":"Basics.Float -> Color.Color -> Color.Color"},{"name":"complementary","comment":" Find the color opposite the color you pass in on the color wheel.\n\nE.g., if you pass in a reddish color, you should expect to get back a tealish color.\n\n","type":"Color.Color -> Color.Color"},{"name":"grayscale","comment":" Convert the color you pass in to a grayscale version. Essentially this uses the\nluminance of the color you pass in to make a corresponding white <-> black value.\n","type":"Color.Color -> Color.Color"},{"name":"highContrast","comment":" Find a high contrast color to use in concert with the passed-in color.\nThis funciton will return either black or white, whichever will be higher contrast\ngiven the starter color.\n\nThis is most useful when working with styleguide colors. It will not produce\nparticularly visually pleasing results, but they will be consistent and readable.\n\n","type":"Color.Color -> Color.Color"},{"name":"invert","comment":" Use this function to invert a color. E.g., black inverted is white, white inverted is black....\n","type":"Color.Color -> Color.Color"},{"name":"monochromatic","comment":" Create a monochromatic palette. The `Float` argument is size of the Lightness\nsteps that you'd like in the palette.\n\nIf you wanted a grayscale palette, and you wanted it to have five colors, you could do\nsomething like this:\n\n    grayscalePalette =\n        monochromatic 20 black\n\nColors will be arranged from darkest to lightest.\n\n","type":"Basics.Float -> Color.Color -> List.List Color.Color"},{"name":"rotate","comment":" Rotate a color by degrees [0, 360).\n\nPicture the color wheel. Suppose you want to find 8 evenly-spaced colors from a starting color.\nYou might do something like this:\n\n    import Color\n    import Color.Generator\n\n    eightEvenColors : Color -> List Color\n    eightEvenColors color =\n        List.range 0 7\n            |> List.map (\\i -> Color.Generator.rotate (toFloat i * 360 / 8) color)\n\nCheck out this code on Ellie here: <https://ellie-app.com/3CRfDs2HLvGa1>.\n\n","type":"Basics.Float -> Color.Color -> Color.Color"},{"name":"shade","comment":" Use this function to produce a new shade of the Color.\nNote: shades will be darker than the starting color. If you want a lighter color,\nplease see `tint`.\n\nPass in the percentage value by which you want to darken the color.\n\n","type":"Basics.Float -> Color.Color -> Color.Color"},{"name":"splitComplementary","comment":" Build a three-color scheme by rotating the same amount from the initial color\nin both directions.\n\n`triadic`, the evenly-spaced 3-color scheme, can be defined in terms of this function:\n\n    triadic color =\n        splitComplementary 120 color\n\nInitial rotation is clamped between 0 and 180.\n\n","type":"Basics.Float -> Color.Color -> ( Color.Color, Color.Color )"},{"name":"square","comment":" Find four equally-spaced colors along the color wheel starting from the passed-in color.\n","type":"Color.Color -> ( Color.Color, Color.Color, Color.Color )"},{"name":"tetratic","comment":" Find four colors along the color wheel starting from the passed-in color.\n\nThis differs from the `square` helper in that our values aren't equally spaced --\nwe are selecting colors on the color wheel with a rectangle. We can actually define\n`square` in terms of this function as follows:\n\n    square color =\n        tetratic 60 color\n\nWe'll rotate the number of degrees passed in along the color wheel to find our first\ncolor. Then we'll rotate the \"length\" of the rectangle -- as much as we need to in order\nto make it all the way around.\n\nInitial rotation is clamped between 0 and 180.\n\n","type":"Basics.Float -> Color.Color -> ( Color.Color, Color.Color, Color.Color )"},{"name":"tint","comment":" Use this function to produce a new tint of the Color.\nNote: tints will be lighter than the starting color. If you want a darker color,\nplease see `shade`.\n\nPass in the percentage value by which you want to lighten the color.\n\n","type":"Basics.Float -> Color.Color -> Color.Color"},{"name":"tone","comment":" Use this function to produce a new tone of the Color.\n\nEssentially this means adding grays to the color you pass in. It's implemented,\nthough, by adjusting the saturation of the color. You can pass in a positive or\nnegative percentage value.\n\n","type":"Basics.Float -> Color.Color -> Color.Color"},{"name":"triadic","comment":" Find the other two colors in the triadic scheme defined by the color passed in.\n\nTriadic color schemes are evenly-spaced, so each of the three colors is 120 degrees\nfrom the others.\n\nThe internet says this scheme will be vibrant, and that you should\nmostly use one of the three colors and only use the other two for accents.\n\n","type":"Color.Color -> ( Color.Color, Color.Color )"}],"binops":[]},{"name":"Palette.Cubehelix","comment":" Are you looking to generate a color scheme in which none of the colors \"pop\"? Then this may be the tool for you!\n\n![](https://user-images.githubusercontent.com/8811312/51517402-6c110000-1dcf-11e9-8b04-8e574d39d6d7.png)\n\nProfessor Dave Green (whose name, given the context, makes me very happy! Please also see [these testimonials](http://davegreenfacts.soc.srcf.net/).)\ndeveloped this method of generating even-intensity color schemes for use in astronomy. He called this method\n\"cubehelix\" based on its relationship to the RGB color solid (a cube!). If you're curious (what cube?? what about the\nhelix?!) please read more about it [here](https://www.mrao.cam.ac.uk/~dag/CUBEHELIX/), or see the paper:\n\n> Green, D. A., 2011, [\"A colour scheme for the display of astronomical intensity images\"](http://astron-soc.in/bulletin/11June/289392011.pdf), Bulletin of the Astronomical Society of India, 39, 289.\n> ([2011BASI...39..289G](https://ui.adsabs.harvard.edu/#abs/2011BASI...39..289G) at [ADS](https://ui.adsabs.harvard.edu/).)\n\n\n## Generate a palette\n\n    import Palette.Cubehelix as Cubehelix\n\n    myPalette : List Color\n    myPalette =\n        -- This will generate 10 even-intensity colors\n        Cubehelix.generate 10\n\n@docs generate\n\n\n## Customize your palette\n\n    import Color exposing (Color)\n    import Palette.Cubehelix as Cubehelix exposing (defaultConfig)\n\n    myPalette : List Color\n    myPalette =\n        Cubehelix.generateAdvanced 10 defaultConfig\n\n@docs generateAdvanced, defaultConfig\n@docs AdvancedConfig, RotationDirection\n\n","unions":[{"name":"RotationDirection","comment":" The helix can rotate in the red, green, blue direction, or in the blue, green, red direction.\nTry both and see which one you like better!\n","args":[],"cases":[["RGB",[]],["BGR",[]]]}],"aliases":[{"name":"AdvancedConfig","comment":" `startingColor` is used to derive what hue you want to start from (see HSL color space)\nas well as how saturated (how far from grey) you want the colors produced to be.\nThe lightness of the color that you pass in is not used.\n\n`rotationDirection` describes whether the helix moves towards red then green then blue, or\nblue then green then red. This is easiest to visualize if you think of a cube defined by three\nvectors, one each for red, green, and blue values. If that's not doing the trick,\ntake a look at [<https://www.mrao.cam.ac.uk/~dag/CUBEHELIX/3d-default.png>][https://www.mrao.cam.ac.uk/~dag/CUBEHELIX/3d-default.png](this image).\n\n`rotations` describes the number of rotations the helix should make as it moves from black (`Color.fromRGB (0, 0 0)`)\nto white `Color.fromRGB (255, 255, 255)`. `rotations` should be in [0, 1.5]. If it's not, it will be absolute-value-ified & clamped.\n\nThe `gamma` value can be used to emphasize low- or high-intensity colors. `gamma` will be clamped with `clamp 0 2`.\n\n  - Provide a 0 < gamma < 1 to emphasize low-intensity values\n  - Provide a 1 < gamma < 2 to emphasize high-intensity values\n\n","args":[],"type":"{ startingColor : Color.Color, rotationDirection : Palette.Cubehelix.RotationDirection, rotations : Basics.Float, gamma : Basics.Float }"}],"values":[{"name":"defaultConfig","comment":" `defaultConfig` is pre-populated with the values analagous to those that Professor Green uses.\nThis is a great place to start to learn what different settings can get you. Try playing with one\nvalue at a time to see how it changes the result!\n\n    { startingColor = Color.fromHSL ( -60, 100, 0 )\n    , rotationDirection = BGR\n    , rotations = 1.5\n    , gamma = 1.0\n    }\n\n","type":"Palette.Cubehelix.AdvancedConfig"},{"name":"generate","comment":" The parameter (clamped between 0 and 256) corresponds to the number of colors you want to generate.\n","type":"Basics.Int -> List.List Color.Color"},{"name":"generateAdvanced","comment":" The first parameter (clamped between 0 and 256) corresponds to the number of colors you want to generate.\n","type":"Basics.Int -> Palette.Cubehelix.AdvancedConfig -> List.List Color.Color"}],"binops":[]},{"name":"Palette.Tango","comment":" [Tango](http://tango.freedesktop.org/Tango_Icon_Theme_Guidelines#Color_Palette) color palette.\n\n![](https://user-images.githubusercontent.com/8811312/51518135-c3b06b00-1dd1-11e9-9047-b53e5f179f77.png)\nPlay with all the Tango colors on [ellie](https://ellie-app.com/4wzXbjyK6Nta1).\n\n\n## Butters\n\n@docs butter1, butter2, butter3\n\n\n## Oranges\n\n@docs orange1, orange2, orange3\n\n\n## Chocolates\n\n@docs chocolate1, chocolate2, chocolate3\n\n\n## Chameleons\n\n@docs chameleon1, chameleon2, chameleon3\n\n\n## Sky Blues\n\n@docs skyBlue1, skyBlue2, skyBlue3\n\n\n## Plums\n\n@docs plum1, plum2, plum3\n\n\n## Scarlet Reds\n\n@docs scarletRed1, scarletRed2, scarletRed3\n\n\n## Aluminums\n\n@docs aluminum1, aluminum2, aluminum3, aluminum4, aluminum5, aluminum6\n\n","unions":[],"aliases":[],"values":[{"name":"aluminum1","comment":" ","type":"Color.Color"},{"name":"aluminum2","comment":" ","type":"Color.Color"},{"name":"aluminum3","comment":" ","type":"Color.Color"},{"name":"aluminum4","comment":" ","type":"Color.Color"},{"name":"aluminum5","comment":" ","type":"Color.Color"},{"name":"aluminum6","comment":" ","type":"Color.Color"},{"name":"butter1","comment":" ","type":"Color.Color"},{"name":"butter2","comment":" ","type":"Color.Color"},{"name":"butter3","comment":" ","type":"Color.Color"},{"name":"chameleon1","comment":" ","type":"Color.Color"},{"name":"chameleon2","comment":" ","type":"Color.Color"},{"name":"chameleon3","comment":" ","type":"Color.Color"},{"name":"chocolate1","comment":" ","type":"Color.Color"},{"name":"chocolate2","comment":" ","type":"Color.Color"},{"name":"chocolate3","comment":" ","type":"Color.Color"},{"name":"orange1","comment":" ","type":"Color.Color"},{"name":"orange2","comment":" ","type":"Color.Color"},{"name":"orange3","comment":" ","type":"Color.Color"},{"name":"plum1","comment":" ","type":"Color.Color"},{"name":"plum2","comment":" ","type":"Color.Color"},{"name":"plum3","comment":" ","type":"Color.Color"},{"name":"scarletRed1","comment":" ","type":"Color.Color"},{"name":"scarletRed2","comment":" ","type":"Color.Color"},{"name":"scarletRed3","comment":" ","type":"Color.Color"},{"name":"skyBlue1","comment":" ","type":"Color.Color"},{"name":"skyBlue2","comment":" ","type":"Color.Color"},{"name":"skyBlue3","comment":" ","type":"Color.Color"}],"binops":[]},{"name":"Palette.X11","comment":" [X11 colors](https://en.wikipedia.org/wiki/Web_colors#X11_color_names).\n![](https://user-images.githubusercontent.com/8811312/51518957-62d66200-1dd4-11e9-86c7-ef90e7b06811.png)\nPlay with this example on [ellie](https://ellie-app.com/4wBgLmNppNHa1).\n\n\n## Pinks\n\n@docs pink, lightPink, hotPink, deepPink, paleVioletRed, mediumVioletRed\n\n\n## Reds\n\n@docs lightSalmon, salmon, darkSalmon, lightCoral, indianRed, crimson, firebrick, darkRed, red\n\n\n## Orange-Reds\n\n@docs orangeRed, tomato, coral, darkOrange, orange\n\n\n## Yellows\n\n@docs yellow, lightYellow, lemonChiffon, lightGoldenrodYellow, papayaWhip, moccasin, peachPuff, paleGoldenrod, khaki, darkKhaki, gold\n\n\n## Browns\n\n@docs cornsilk, blanchedAlmond, bisque, navajoWhite, wheat, burlywood, tan, rosyBrown, sandyBrown, goldenrod, darkGoldenrod, peru, chocolate, saddleBrown, sienna, brown, maroon\n\n\n## Greens\n\n@docs darkOliveGreen, olive, oliveDrab, yellowGreen, limeGreen, lime, lawnGreen, chartreuse, greenYellow, springGreen, mediumSpringGreen, lightGreen, paleGreen, darkSeaGreen, mediumAquamarine, mediumSeaGreen, seaGreen, forestGreen, green, darkGreen\n\n\n## Cyans\n\n@docs aqua, cyan, lightCyan, paleTurquoise, aquamarine, turquoise, mediumTurquoise, darkTurquoise, lightSeaGreen, cadetBlue, darkCyan, teal\n\n\n## Blues\n\n@docs lightSteelBlue, powderBlue, lightBlue, skyBlue, lightSkyBlue, deepSkyBlue, dodgerBlue, cornflowerBlue, steelBlue, royalBlue, blue, mediumBlue, darkBlue, navy, midnightBlue\n\n\n## Purples\n\n@docs lavender, thistle, plum, violet, orchid, fuchsia, magenta, mediumOrchid, mediumPurple, blueViolet, darkViolet, darkOrchid, darkMagenta, purple, indigo, darkSlateBlue, slateBlue, mediumSlateBlue\n\n\n## Whites\n\n@docs white, snow, honeydew, mintCream, azure, aliceBlue, ghostWhite, whiteSmoke, seashell, beige, oldLace, floralWhite, ivory, antiqueWhite, linen, lavenderBlush, mistyRose\n\n\n## Blacks and Grays\n\n@docs gainsboro, lightGray, silver, darkGray, gray, dimGray, lightSlateGray, slateGray, darkSlateGray, black\n\n","unions":[],"aliases":[],"values":[{"name":"aliceBlue","comment":" ","type":"Color.Color"},{"name":"antiqueWhite","comment":" ","type":"Color.Color"},{"name":"aqua","comment":" ","type":"Color.Color"},{"name":"aquamarine","comment":" ","type":"Color.Color"},{"name":"azure","comment":" ","type":"Color.Color"},{"name":"beige","comment":" ","type":"Color.Color"},{"name":"bisque","comment":" ","type":"Color.Color"},{"name":"black","comment":" ","type":"Color.Color"},{"name":"blanchedAlmond","comment":" ","type":"Color.Color"},{"name":"blue","comment":" ","type":"Color.Color"},{"name":"blueViolet","comment":" ","type":"Color.Color"},{"name":"brown","comment":" ","type":"Color.Color"},{"name":"burlywood","comment":" ","type":"Color.Color"},{"name":"cadetBlue","comment":" ","type":"Color.Color"},{"name":"chartreuse","comment":" ","type":"Color.Color"},{"name":"chocolate","comment":" ","type":"Color.Color"},{"name":"coral","comment":" ","type":"Color.Color"},{"name":"cornflowerBlue","comment":" ","type":"Color.Color"},{"name":"cornsilk","comment":" ","type":"Color.Color"},{"name":"crimson","comment":" ","type":"Color.Color"},{"name":"cyan","comment":" ","type":"Color.Color"},{"name":"darkBlue","comment":" ","type":"Color.Color"},{"name":"darkCyan","comment":" ","type":"Color.Color"},{"name":"darkGoldenrod","comment":" ","type":"Color.Color"},{"name":"darkGray","comment":" ","type":"Color.Color"},{"name":"darkGreen","comment":" ","type":"Color.Color"},{"name":"darkKhaki","comment":" ","type":"Color.Color"},{"name":"darkMagenta","comment":" ","type":"Color.Color"},{"name":"darkOliveGreen","comment":" ","type":"Color.Color"},{"name":"darkOrange","comment":" ","type":"Color.Color"},{"name":"darkOrchid","comment":" ","type":"Color.Color"},{"name":"darkRed","comment":" ","type":"Color.Color"},{"name":"darkSalmon","comment":" ","type":"Color.Color"},{"name":"darkSeaGreen","comment":" ","type":"Color.Color"},{"name":"darkSlateBlue","comment":" ","type":"Color.Color"},{"name":"darkSlateGray","comment":" ","type":"Color.Color"},{"name":"darkTurquoise","comment":" ","type":"Color.Color"},{"name":"darkViolet","comment":" ","type":"Color.Color"},{"name":"deepPink","comment":" ","type":"Color.Color"},{"name":"deepSkyBlue","comment":" ","type":"Color.Color"},{"name":"dimGray","comment":" ","type":"Color.Color"},{"name":"dodgerBlue","comment":" ","type":"Color.Color"},{"name":"firebrick","comment":" ","type":"Color.Color"},{"name":"floralWhite","comment":" ","type":"Color.Color"},{"name":"forestGreen","comment":" ","type":"Color.Color"},{"name":"fuchsia","comment":" ","type":"Color.Color"},{"name":"gainsboro","comment":" ","type":"Color.Color"},{"name":"ghostWhite","comment":" ","type":"Color.Color"},{"name":"gold","comment":" ","type":"Color.Color"},{"name":"goldenrod","comment":" ","type":"Color.Color"},{"name":"gray","comment":" ","type":"Color.Color"},{"name":"green","comment":" ","type":"Color.Color"},{"name":"greenYellow","comment":" ","type":"Color.Color"},{"name":"honeydew","comment":" ","type":"Color.Color"},{"name":"hotPink","comment":" ","type":"Color.Color"},{"name":"indianRed","comment":" ","type":"Color.Color"},{"name":"indigo","comment":" ","type":"Color.Color"},{"name":"ivory","comment":" ","type":"Color.Color"},{"name":"khaki","comment":" ","type":"Color.Color"},{"name":"lavender","comment":" ","type":"Color.Color"},{"name":"lavenderBlush","comment":" ","type":"Color.Color"},{"name":"lawnGreen","comment":" ","type":"Color.Color"},{"name":"lemonChiffon","comment":" ","type":"Color.Color"},{"name":"lightBlue","comment":" ","type":"Color.Color"},{"name":"lightCoral","comment":" ","type":"Color.Color"},{"name":"lightCyan","comment":" ","type":"Color.Color"},{"name":"lightGoldenrodYellow","comment":" ","type":"Color.Color"},{"name":"lightGray","comment":" ","type":"Color.Color"},{"name":"lightGreen","comment":" ","type":"Color.Color"},{"name":"lightPink","comment":" ","type":"Color.Color"},{"name":"lightSalmon","comment":" ","type":"Color.Color"},{"name":"lightSeaGreen","comment":" ","type":"Color.Color"},{"name":"lightSkyBlue","comment":" ","type":"Color.Color"},{"name":"lightSlateGray","comment":" ","type":"Color.Color"},{"name":"lightSteelBlue","comment":" ","type":"Color.Color"},{"name":"lightYellow","comment":" ","type":"Color.Color"},{"name":"lime","comment":" ","type":"Color.Color"},{"name":"limeGreen","comment":" ","type":"Color.Color"},{"name":"linen","comment":" ","type":"Color.Color"},{"name":"magenta","comment":" ","type":"Color.Color"},{"name":"maroon","comment":" ","type":"Color.Color"},{"name":"mediumAquamarine","comment":" ","type":"Color.Color"},{"name":"mediumBlue","comment":" ","type":"Color.Color"},{"name":"mediumOrchid","comment":" ","type":"Color.Color"},{"name":"mediumPurple","comment":" ","type":"Color.Color"},{"name":"mediumSeaGreen","comment":" ","type":"Color.Color"},{"name":"mediumSlateBlue","comment":" ","type":"Color.Color"},{"name":"mediumSpringGreen","comment":" ","type":"Color.Color"},{"name":"mediumTurquoise","comment":" ","type":"Color.Color"},{"name":"mediumVioletRed","comment":" ","type":"Color.Color"},{"name":"midnightBlue","comment":" ","type":"Color.Color"},{"name":"mintCream","comment":" ","type":"Color.Color"},{"name":"mistyRose","comment":" ","type":"Color.Color"},{"name":"moccasin","comment":" ","type":"Color.Color"},{"name":"navajoWhite","comment":" ","type":"Color.Color"},{"name":"navy","comment":" ","type":"Color.Color"},{"name":"oldLace","comment":" ","type":"Color.Color"},{"name":"olive","comment":" ","type":"Color.Color"},{"name":"oliveDrab","comment":" ","type":"Color.Color"},{"name":"orange","comment":" ","type":"Color.Color"},{"name":"orangeRed","comment":" ","type":"Color.Color"},{"name":"orchid","comment":" ","type":"Color.Color"},{"name":"paleGoldenrod","comment":" ","type":"Color.Color"},{"name":"paleGreen","comment":" ","type":"Color.Color"},{"name":"paleTurquoise","comment":" ","type":"Color.Color"},{"name":"paleVioletRed","comment":" ","type":"Color.Color"},{"name":"papayaWhip","comment":" ","type":"Color.Color"},{"name":"peachPuff","comment":" ","type":"Color.Color"},{"name":"peru","comment":" ","type":"Color.Color"},{"name":"pink","comment":" ","type":"Color.Color"},{"name":"plum","comment":" ","type":"Color.Color"},{"name":"powderBlue","comment":" ","type":"Color.Color"},{"name":"purple","comment":" ","type":"Color.Color"},{"name":"red","comment":" ","type":"Color.Color"},{"name":"rosyBrown","comment":" ","type":"Color.Color"},{"name":"royalBlue","comment":" ","type":"Color.Color"},{"name":"saddleBrown","comment":" ","type":"Color.Color"},{"name":"salmon","comment":" ","type":"Color.Color"},{"name":"sandyBrown","comment":" ","type":"Color.Color"},{"name":"seaGreen","comment":" ","type":"Color.Color"},{"name":"seashell","comment":" ","type":"Color.Color"},{"name":"sienna","comment":" ","type":"Color.Color"},{"name":"silver","comment":" ","type":"Color.Color"},{"name":"skyBlue","comment":" ","type":"Color.Color"},{"name":"slateBlue","comment":" ","type":"Color.Color"},{"name":"slateGray","comment":" ","type":"Color.Color"},{"name":"snow","comment":" ","type":"Color.Color"},{"name":"springGreen","comment":" ","type":"Color.Color"},{"name":"steelBlue","comment":" ","type":"Color.Color"},{"name":"tan","comment":" ","type":"Color.Color"},{"name":"teal","comment":" ","type":"Color.Color"},{"name":"thistle","comment":" ","type":"Color.Color"},{"name":"tomato","comment":" ","type":"Color.Color"},{"name":"turquoise","comment":" ","type":"Color.Color"},{"name":"violet","comment":" ","type":"Color.Color"},{"name":"wheat","comment":" ","type":"Color.Color"},{"name":"white","comment":" ","type":"Color.Color"},{"name":"whiteSmoke","comment":" ","type":"Color.Color"},{"name":"yellow","comment":" ","type":"Color.Color"},{"name":"yellowGreen","comment":" ","type":"Color.Color"}],"binops":[]}]